{"overall": 0.30500003695487976, "original": 0.30260002613067627}