{"overall": 0.39660003781318665, "original": 0.39660003781318665}