{"overall": 0.45100003480911255, "original": 0.45100003480911255}