{"overall": 0.3986000418663025, "original": 0.3986000418663025}