{"overall": 0.3654000461101532, "original": 0.3654000461101532}