{"overall": 0.09620000422000885, "original": 0.09620000422000885}