{"overall": 0.20679999887943268, "original": 0.20679999887943268}