{"overall": 0.2370000183582306, "original": 0.2370000183582306}