{"overall": 0.3936000168323517, "original": 0.3936000168323517}