{"overall": 0.4015999734401703, "original": 0.4015999734401703}