{"overall": 0.32399994134902954, "original": 0.32399994134902954}