{"overall": 0.3174000084400177, "original": 0.3174000084400177}