{"overall": 0.3578000068664551, "original": 0.3578000068664551}