{"overall": 0.4182000160217285, "original": 0.4182000160217285}