{"overall": 0.3394000232219696, "original": 0.3394000232219696}