{"overall": 0.33559998869895935, "original": 0.33559998869895935}