{"overall": 0.3890000581741333, "original": 0.3890000581741333}