{"overall": 0.3344000279903412, "original": 0.3344000279903412}