{"overall": 0.4779999554157257, "original": 0.4779999554157257}