{"overall": 0.2556000053882599, "original": 0.2556000053882599}