{"overall": 0.45339998602867126, "original": 0.45339998602867126}