{"overall": 0.2807999551296234, "original": 0.2807999551296234}