{"overall": 0.4050000011920929, "original": 0.4050000011920929}