{"overall": 0.4816000163555145, "original": 0.4816000163555145}