{"overall": 0.3919999897480011, "original": 0.350600004196167}