{"overall": 0.05159999057650566, "original": 0.05159999057650566}