{"overall": 0.3835999667644501, "original": 0.3835999667644501}