{"overall": 0.4057999551296234, "original": 0.4057999551296234}