{"overall": 0.3765999674797058, "original": 0.3765999674797058}