{"overall": 0.38260000944137573, "original": 0.38260000944137573}