{"overall": 0.4318000078201294, "original": 0.4318000078201294}