{"overall": 0.2134000062942505, "original": 0.2134000062942505}