{"overall": 0.4442000091075897, "original": 0.4442000091075897}