{"overall": 0.35499998927116394, "original": 0.35499998927116394}