{"overall": 0.4283999800682068, "original": 0.4283999800682068}