{"overall": 0.3848000466823578, "original": 0.3510000705718994}