{"overall": 0.3434000313282013, "original": 0.3434000313282013}