{"overall": 0.35920000076293945, "original": {"overall": 0.35920000076293945}}