{"overall": 0.25360003113746643, "original": 0.25360003113746643}