{"overall": 0.3304000198841095, "original": 0.3304000198841095}