{"overall": 0.36320000886917114, "original": 0.36320000886917114}