{"overall": 0.40459999442100525, "original": 0.40459999442100525}