{"overall": 0.6014000773429871, "original": 0.6014000773429871}