{"overall": 0.39340004324913025, "original": 0.39340004324913025}