{"overall": 0.396200031042099, "original": 0.396200031042099}