{"overall": 0.4189999997615814, "original": 0.4189999997615814}