{"overall": 0.4259999990463257, "original": {"overall": 0.4259999990463257}}