{"overall": 0.4023999869823456, "original": 0.4023999869823456}