{"overall": 0.23620006442070007, "original": {"overall": 0.23620006442070007}}