{"overall": 0.2680000066757202, "original": 0.2680000066757202}