{"overall": 0.3025999963283539, "original": 0.3025999963283539}