{"overall": 0.31380000710487366, "original": 0.31380000710487366}