{"overall": 0.41280004382133484, "original": 0.41280004382133484}