{"overall": 0.39640000462532043, "original": 0.39640000462532043}