{"overall": 0.012000000104308128, "original": 0.012000000104308128}