{"overall": 0.06840000301599503, "original": 0.06840000301599503}