{"overall": 0.41540002822875977, "original": 0.41540002822875977}