{"overall": 0.26159998774528503, "original": 0.26159998774528503}