{"overall": 0.4472000002861023, "original": 0.4472000002861023}