{"overall": 0.3482000529766083, "original": 0.3482000529766083}