{"overall": 0.4368000328540802, "original": 0.4368000328540802}