{"overall": 0.32420000433921814, "original": 0.32420000433921814}