{"overall": 0.436599999666214, "original": 0.436599999666214}