{"overall": 0.37700003385543823, "original": {"overall": 0.37700003385543823}}