{"overall": 0.3779999911785126, "original": 0.3779999911785126}