{"overall": 0.43539997935295105, "original": 0.43039998412132263}