{"overall": 0.2014000117778778, "original": 0.2014000117778778}