{"overall": 0.3766000270843506, "original": 0.3766000270843506}