{"overall": 0.42080003023147583, "original": 0.42080003023147583}