{"overall": 0.3693999946117401, "original": 0.3261999785900116}