{"overall": 0.19360005855560303, "original": {"overall": 0.19360005855560303}}