{"overall": 0.388200044631958, "original": 0.388200044631958}