{"overall": 0.05620000511407852, "original": 0.05620000511407852}