{"overall": 0.30820000171661377, "original": 0.30820000171661377}