{"overall": 0.3465999960899353, "original": 0.3465999960899353}