{"overall": 0.3479999601840973, "original": 0.3479999601840973}