{"overall": 0.4410000145435333, "original": 0.4410000145435333}