{"overall": 0.43939998745918274, "original": 0.43939998745918274}