{"overall": 0.2786000370979309, "original": 0.2786000370979309}