{"overall": 0.4328000247478485, "original": 0.4328000247478485}