{"overall": 0.44679999351501465, "original": 0.44679999351501465}