{"overall": 0.28120002150535583, "original": 0.28120002150535583}