{"overall": 0.43960002064704895, "original": 0.43960002064704895}