{"overall": 0.36000004410743713, "original": 0.36000004410743713}