{"overall": 0.45320001244544983, "original": 0.45320001244544983}