{"overall": 0.4082000255584717, "original": 0.4082000255584717}