{"overall": 0.4355999827384949, "original": 0.4355999827384949}