{"overall": 0.42419999837875366, "original": 0.42419999837875366}