{"overall": 0.3426000475883484, "original": 0.3426000475883484}