{"overall": 0.3935999870300293, "original": 0.3935999870300293}