{"overall": 0.35040003061294556, "original": 0.35040003061294556}