{"overall": 0.3328000605106354, "original": 0.3328000605106354}