{"overall": 0.39160001277923584, "original": 0.39160001277923584}