{"overall": 0.2356000393629074, "original": 0.2356000393629074}