{"overall": 0.4124000668525696, "original": 0.4124000668525696}