{"overall": 0.39820000529289246, "original": 0.39820000529289246}