{"overall": 0.306799978017807, "original": 0.306799978017807}