{"overall": 0.3224000334739685, "original": 0.3224000334739685}