{"overall": 0.40800005197525024, "original": 0.40800005197525024}