{"overall": 0.2810000479221344, "original": 0.2810000479221344}