{"overall": 0.4264000356197357, "original": 0.4264000356197357}