{"overall": 0.4398000240325928, "original": 0.4398000240325928}