{"overall": 0.382999986410141, "original": 0.36159998178482056}