{"overall": 0.24960000813007355, "original": {"overall": 0.24960000813007355}}