{"overall": 0.3163999915122986, "original": 0.3163999915122986}