{"overall": 0.3750000298023224, "original": 0.3750000298023224}