{"overall": 0.5102000832557678, "original": 0.5102000832557678}