{"overall": 0.36920005083084106, "original": 0.36920005083084106}