{"overall": 0.24560002982616425, "original": 0.24560002982616425}