{"overall": 0.3689999282360077, "original": 0.3689999282360077}