{"overall": 0.17360003292560577, "original": 0.17360003292560577}