{"overall": 0.42239996790885925, "original": 0.42239996790885925}