{"overall": 0.3998001217842102, "original": 0.3998001217842102}