{"overall": 0.3330000340938568, "original": 0.3330000340938568}