{"overall": 0.27159997820854187, "original": 0.27159997820854187}