{"overall": 0.4160000681877136, "original": 0.4160000681877136}