{"overall": 0.4198000431060791, "original": 0.41460004448890686}