{"overall": 0.16940002143383026, "original": 0.16940002143383026}