{"overall": 0.2348000407218933, "original": 0.2348000407218933}