{"overall": 0.14479999244213104, "original": {"overall": 0.14479999244213104}}