{"overall": 0.4150000214576721, "original": 0.4150000214576721}