{"overall": 0.33719998598098755, "original": 0.33719998598098755}