{"overall": 0.3622000515460968, "original": 0.3622000515460968}