{"overall": 0.37160003185272217, "original": 0.37160003185272217}