{"overall": 0.3086000680923462, "original": 0.3086000680923462}