{"overall": 0.1743999868631363, "original": {"overall": 0.1743999868631363}}