{"overall": 0.2966000437736511, "original": 0.2966000437736511}