{"overall": 0.3929999768733978, "original": 0.3929999768733978}