{"overall": 0.10759998857975006, "original": {"overall": 0.10759998857975006}}