{"overall": 0.4286000430583954, "original": 0.4286000430583954}