{"overall": 0.435800164937973, "original": 0.435800164937973}