{"overall": 0.3627999424934387, "original": 0.3627999424934387}