{"overall": 0.39399999380111694, "original": 0.39399999380111694}