{"overall": 0.42000001668930054, "original": 0.42000001668930054}