{"overall": 0.601999819278717, "original": 0.601999819278717}