{"overall": 0.30580002069473267, "original": 0.30580002069473267}