{"overall": 0.2672000229358673, "original": 0.2672000229358673}