{"overall": 0.3165999948978424, "original": 0.2576000392436981}