{"overall": 0.41759997606277466, "original": 0.41759997606277466}