{"overall": 0.20840002596378326, "original": 0.20840002596378326}