{"overall": 0.3739999830722809, "original": 0.3739999830722809}