{"overall": 0.4203999936580658, "original": 0.4145999848842621}