{"overall": 0.3253999948501587, "original": 0.3253999948501587}