{"overall": 0.3633999824523926, "original": 0.3633999824523926}