{"overall": 0.36500000953674316, "original": 0.36500000953674316}