{"overall": 0.12799997627735138, "original": 0.12799997627735138}