{"overall": 0.28279998898506165, "original": 0.28279998898506165}