{"overall": 0.30000004172325134, "original": 0.30000004172325134}