{"overall": 0.34300002455711365, "original": 0.34300002455711365}