{"overall": 0.3203999996185303, "original": 0.3203999996185303}