{"overall": 0.3821999728679657, "original": 0.3400000333786011}