{"overall": 0.40060004591941833, "original": 0.40060004591941833}