{"overall": 0.4105999767780304, "original": 0.4105999767780304}