{"overall": 0.21860000491142273, "original": 0.21860000491142273}