{"overall": 0.3545999825000763, "original": 0.3545999825000763}