{"overall": 0.31540000438690186, "original": 0.31540000438690186}