{"overall": 0.51666659116745, "original": 0.51666659116745}