{"overall": 0.4246000051498413, "original": 0.4246000051498413}