{"overall": 0.40960004925727844, "original": 0.40960004925727844}