{"overall": 0.4331999719142914, "original": 0.4331999719142914}