{"overall": 0.3348000645637512, "original": 0.3348000645637512}