{"overall": 0.3216000199317932, "original": 0.3216000199317932}