{"overall": 0.30800002813339233, "original": 0.30800002813339233}