{"overall": 0.4017999470233917, "original": 0.4017999470233917}