{"overall": 0.42479997873306274, "original": 0.42479997873306274}