{"overall": 0.16699999570846558, "original": 0.16699999570846558}