{"overall": 0.26579999923706055, "original": 0.26579999923706055}