{"overall": 0.13099999725818634, "original": 0.13099999725818634}