{"overall": 0.44760000705718994, "original": 0.44760000705718994}