{"overall": 0.342600017786026, "original": 0.342600017786026}