{"overall": 0.44719991087913513, "original": 0.44719991087913513}