{"overall": 0.3075999319553375, "original": 0.3075999319553375}