{"overall": 0.46439996361732483, "original": 0.46439996361732483}