{"overall": 0.29259997606277466, "original": 0.29259997606277466}