{"overall": 0.365200012922287, "original": 0.33800002932548523}