{"overall": 0.3255999684333801, "original": 0.3255999684333801}