{"overall": 0.40960001945495605, "original": 0.359000027179718}