{"overall": 0.27959996461868286, "original": 0.27959996461868286}