{"overall": 0.5527999997138977, "original": 0.5527999997138977}