{"overall": 0.38960006833076477, "original": 0.38960006833076477}