{"overall": 0.41439998149871826, "original": 0.41439998149871826}