{"overall": 0.42899999022483826, "original": 0.42899999022483826}