{"overall": 0.2847999930381775, "original": 0.2847999930381775}