{"overall": 0.21480001509189606, "original": 0.21480001509189606}