{"overall": 0.16900001466274261, "original": 0.16900001466274261}