{"overall": 0.18960003554821014, "original": 0.18960003554821014}