{"overall": 0.34560003876686096, "original": 0.34560003876686096}