{"overall": 0.3216000497341156, "original": {"overall": 0.3216000497341156}}