{"overall": 0.4068000316619873, "original": 0.4068000316619873}