{"overall": 0.42260003089904785, "original": 0.42260003089904785}