{"overall": 0.3556000292301178, "original": 0.3556000292301178}