{"overall": 0.3874000310897827, "original": 0.3874000310897827}