{"overall": 0.30059999227523804, "original": 0.2824000120162964}