{"overall": 0.3238000273704529, "original": 0.3238000273704529}