{"overall": 0.44620001316070557, "original": {"overall": 0.44620001316070557}}