{"overall": 0.4652000367641449, "original": 0.4652000367641449}