{"overall": 0.32440003752708435, "original": 0.32440003752708435}