{"overall": 0.3086000382900238, "original": 0.3086000382900238}