{"overall": 0.3211999833583832, "original": 0.3211999833583832}