{"overall": 0.4204000234603882, "original": 0.4204000234603882}