{"overall": 0.6856001019477844, "original": 0.6856001019477844}