{"overall": 0.48919999599456787, "original": 0.48919999599456787}