{"overall": 0.33660000562667847, "original": {"overall": 0.33660000562667847}}