{"overall": 0.4296000003814697, "original": 0.4296000003814697}