{"overall": 0.4424000084400177, "original": 0.4424000084400177}