{"overall": 0.40960001945495605, "original": 0.40960001945495605}