{"overall": 0.30059996247291565, "original": 0.30059996247291565}