{"overall": 0.4124000072479248, "original": 0.4124000072479248}