{"overall": 0.15719999372959137, "original": 0.15719999372959137}