{"overall": 0.3354000449180603, "original": 0.3354000449180603}