{"overall": 0.020200001075863838, "original": 0.020200001075863838}