{"overall": 0.12459998577833176, "original": 0.12459998577833176}