{"overall": 0.417199969291687, "original": 0.417199969291687}