{"overall": 0.42340001463890076, "original": 0.42340001463890076}