{"overall": 0.446399986743927, "original": 0.446399986743927}