{"overall": 0.4718000888824463, "original": 0.4718000888824463}