{"overall": 0.08780000358819962, "original": {"overall": 0.08780000358819962}}