{"overall": 0.3790000379085541, "original": {"overall": 0.3790000379085541}}