{"overall": 0.44759994745254517, "original": 0.44759994745254517}