{"overall": 0.4376000165939331, "original": 0.431799978017807}