{"overall": 0.4076000154018402, "original": 0.4076000154018402}