{"overall": 0.4367999732494354, "original": 0.4367999732494354}