{"overall": 0.4182000458240509, "original": 0.4182000458240509}