{"overall": 0.4505999982357025, "original": 0.4505999982357025}