{"overall": 0.353799968957901, "original": 0.353799968957901}