{"overall": 0.3230000138282776, "original": 0.3230000138282776}