{"overall": 0.08300000429153442, "original": 0.08300000429153442}