{"overall": 0.43299996852874756, "original": 0.43299996852874756}