{"overall": 0.33800002932548523, "original": 0.33800002932548523}