{"overall": 0.25940001010894775, "original": 0.25940001010894775}