{"overall": 0.4264000654220581, "original": 0.4264000654220581}