{"overall": 0.05859999731183052, "original": {"overall": 0.05859999731183052}}