{"overall": 0.37540000677108765, "original": 0.3736000061035156}