{"overall": 0.18040001392364502, "original": 0.18040001392364502}