{"overall": 0.4163999855518341, "original": 0.4163999855518341}