{"overall": 0.3887999951839447, "original": 0.3887999951839447}