{"overall": 0.35460004210472107, "original": 0.35460004210472107}