{"overall": 0.13860000669956207, "original": 0.13860000669956207}