{"overall": 0.45559999346733093, "original": 0.45559999346733093}