{"overall": 0.36619997024536133, "original": 0.36619997024536133}