{"overall": 0.30300000309944153, "original": 0.30300000309944153}