{"overall": 0.44019997119903564, "original": 0.44019997119903564}