{"overall": 0.3449999988079071, "original": 0.3449999988079071}