{"overall": 0.43320000171661377, "original": 0.43320000171661377}