{"overall": 0.36340004205703735, "original": 0.36340004205703735}