{"overall": 0.38540005683898926, "original": 0.38540005683898926}