{"overall": 0.33180004358291626, "original": 0.33180004358291626}