{"overall": 0.36640000343322754, "original": 0.36640000343322754}