{"overall": 0.4359999895095825, "original": 0.4359999895095825}