{"overall": 0.39800000190734863, "original": 0.39800000190734863}