{"overall": 0.43299999833106995, "original": 0.43299999833106995}