{"overall": 0.40720000863075256, "original": 0.40720000863075256}