{"overall": 0.3758000135421753, "original": 0.3758000135421753}