{"overall": 0.3968000113964081, "original": 0.3968000113964081}