{"overall": 0.4320000112056732, "original": {"overall": 0.4320000112056732}}