{"overall": 0.30420002341270447, "original": 0.30420002341270447}