{"overall": 0.3956000506877899, "original": {"overall": 0.3956000506877899}}