{"overall": 0.049800001084804535, "original": 0.049800001084804535}