{"overall": 0.3644000291824341, "original": 0.3644000291824341}